-- LIEN seed data — generated by api/scripts/export-sql.ts
-- cluster=mainnet  generated_at=2026-06-24T12:11:55.968Z
-- 27 agents (27 scored), 27 settlements.
-- Synthetic agents are flagged synthetic=true; real on-chain agents are synthetic=false.
-- Safe to re-run: tables are created if missing, demo rows wiped, data upserted.

begin;

-- 1. Ensure schema exists (no-op if Lovable already created these tables).
create table if not exists agents (
  agent_id text primary key, owner text not null, payment_wallet text,
  name text, image text, first_seen timestamptz not null default now(),
  synthetic boolean not null default false
);
create table if not exists scores (
  agent_id text primary key references agents(agent_id) on delete cascade,
  score integer not null, band text not null, status text not null,
  limit_amount bigint, limit_currency text, limit_period text,
  attested boolean not null default false,
  factors jsonb not null default '[]'::jsonb,
  updated_at timestamptz not null default now()
);
create table if not exists settlements (
  id text primary key,
  agent_id text not null references agents(agent_id) on delete cascade,
  tab_id text, counterparty text, amount bigint not null,
  currency text not null default 'USDC', status text not null,
  on_time boolean not null, occurred_at timestamptz not null default now()
);

-- 2. Wipe existing demo rows (children first for FK safety).
delete from settlements;
delete from scores;
delete from agents;

-- 3. Insert canonical data.
insert into agents (agent_id, owner, payment_wallet, name, image, first_seen, synthetic) values
  ('agent:sol:7xKq9b9c4Atlas', 'AtLs1ownerPubkey1111111111111111111111111', 'AtLs1ownerPubkey1111111111111111111111111', 'Atlas Indexing', null, '2025-04-30T12:11:37.178Z', true),
  ('agent:sol:4kP2meridianFx', 'Mrd1ownerPubkey22222222222222222222222222', 'Mrd1ownerPubkey22222222222222222222222222', 'Meridian FX Router', null, '2025-08-28T12:11:37.178Z', true),
  ('agent:sol:9wRtbeaconAI', 'Bcn1ownerPubkey33333333333333333333333333', 'Bcn1ownerPubkey33333333333333333333333333', 'Beacon Research', null, '2025-11-26T12:11:37.178Z', true),
  ('agent:sol:2hJ5corvusOps', 'Crv1ownerPubkey44444444444444444444444444', 'Crv1ownerPubkey44444444444444444444444444', 'Corvus Ops', null, '2026-02-04T12:11:37.178Z', true),
  ('agent:sol:6yTnlumenBot', 'Lmn1ownerPubkey55555555555555555555555555', 'Lmn1ownerPubkey55555555555555555555555555', 'Lumen Synth', null, '2026-04-10T12:11:37.178Z', true),
  ('agent:sol:3zXqnovaSeed', 'Nva1ownerPubkey66666666666666666666666666', 'Nva1ownerPubkey66666666666666666666666666', 'Nova (new)', null, '2026-06-12T12:11:37.178Z', true),
  ('agent:sol:8pLkharborDef', 'Hbr1ownerPubkey77777777777777777777777777', 'Hbr1ownerPubkey77777777777777777777777777', 'Harbor Default', null, '2025-12-26T12:11:37.178Z', true),
  ('kvG3yqQiYJxcBgkAaUi4M5HN7rPYgV7MjK61GMNRUWJ', '9okZ4N1XHQ8k1xQSPuUnTKzy7R6X9qmr2RYT7ZYsSbJ4', '9okZ4N1XHQ8k1xQSPuUnTKzy7R6X9qmr2RYT7ZYsSbJ4', null, null, '2026-02-28T12:54:55.000Z', false),
  ('J3wkN7BPuBNP3J1ZkNi2UMgqX34dSqw2dEtRU7Leh75c', '9okZ4N1XHQ8k1xQSPuUnTKzy7R6X9qmr2RYT7ZYsSbJ4', '9okZ4N1XHQ8k1xQSPuUnTKzy7R6X9qmr2RYT7ZYsSbJ4', null, null, '2026-02-28T12:50:02.000Z', false),
  ('HVwXqj1RWjASuDUhmK8UDV67cPFRgYY7mHZm6j27Nrat', '9okZ4N1XHQ8k1xQSPuUnTKzy7R6X9qmr2RYT7ZYsSbJ4', '9okZ4N1XHQ8k1xQSPuUnTKzy7R6X9qmr2RYT7ZYsSbJ4', null, null, '2026-02-28T12:47:36.000Z', false),
  ('GvkyAXchvwLnXyLpcdgD1QPqeYXjV8tQAWRGjueNjj2', 'AuA2jbGvaGkb1F1DgdRpaq5rxZrwHJBHb8cVSCPgtipr', 'AuA2jbGvaGkb1F1DgdRpaq5rxZrwHJBHb8cVSCPgtipr', 'Darkeater Midir', null, '2026-03-02T20:14:55.000Z', false),
  ('G4scrVH1HUdNy8TUjD7CCbsz1zq7K8wiScjuqywRa5VA', '9okZ4N1XHQ8k1xQSPuUnTKzy7R6X9qmr2RYT7ZYsSbJ4', '9okZ4N1XHQ8k1xQSPuUnTKzy7R6X9qmr2RYT7ZYsSbJ4', null, null, '2026-02-28T12:58:05.000Z', false),
  ('FhA8dovVERv699MPVps5xKTaq5ymXqH6RwhwU4rGaNG1', 'B56XvJsHTX2WubeTGuaSYMEVUkWVNVDsy8EKyojUcRxC', 'B56XvJsHTX2WubeTGuaSYMEVUkWVNVDsy8EKyojUcRxC', 'test', 'https://agentinc.fun/api/agents/image/7DrwJ4RJRJEsRbAQd62t4J35BaCHoGXVZPXi4VsNBAGS', '2026-03-03T20:42:24.000Z', false),
  ('FAQXa8Sv7foH53gV78u1Rbs1fwaCKrg8oxesCEyeNbEh', '766nf4q5FqqnmfpKYGbFPGez2yTyREyD7mszXjE4u1H4', '766nf4q5FqqnmfpKYGbFPGez2yTyREyD7mszXjE4u1H4', 'DAEMON', 'https://agentinc.fun/api/agents/image/2vukDz4XgxbMh8GtnECh23is9T3MciFQ5ujuRso4BAGS', '2026-03-03T20:42:28.000Z', false),
  ('F6pGaYK2ptbTFSG5SWsFvvXYdp3n3BZCGk9UZc6Yd9At', 'Gt6iJFkeVvvvnqecswkfw7xv5fBbQjySoSCUDQhX3vtb', 'Gt6iJFkeVvvvnqecswkfw7xv5fBbQjySoSCUDQhX3vtb', 'Flora', 'https://agentinc.fun/api/agents/image/EJQei5vC8eMwXTetqgVUr2KynegPTCzfLykkwDg6BAGS', '2026-03-03T20:42:25.000Z', false),
  ('EPE9oVwQB1NUy2u64RXZfeScNAYS6q7yMhcHtSAuSk4Q', '6PfebwHmPhcWspggywkrAtyt9dQFGGqdezVJNaQQgNH1', '6PfebwHmPhcWspggywkrAtyt9dQFGGqdezVJNaQQgNH1', null, null, '2026-03-03T23:42:15.000Z', false),
  ('Edchnkds1pg9dotqZZr85VyfKBd2SUP8dHvUHoVWNGu6', '9okZ4N1XHQ8k1xQSPuUnTKzy7R6X9qmr2RYT7ZYsSbJ4', '9okZ4N1XHQ8k1xQSPuUnTKzy7R6X9qmr2RYT7ZYsSbJ4', null, null, '2026-02-28T13:39:13.000Z', false),
  ('DYNK2iAXu7JQYJECkD5FtjTqAU4ymPWytu2ym85L2ZWh', '9okZ4N1XHQ8k1xQSPuUnTKzy7R6X9qmr2RYT7ZYsSbJ4', '9okZ4N1XHQ8k1xQSPuUnTKzy7R6X9qmr2RYT7ZYsSbJ4', null, null, '2026-02-28T12:24:12.000Z', false),
  ('DpuAZqYX5YWMGc5eMxN5m1dgw7Mb3h2pSwhjn3JvtN5T', '9okZ4N1XHQ8k1xQSPuUnTKzy7R6X9qmr2RYT7ZYsSbJ4', '9okZ4N1XHQ8k1xQSPuUnTKzy7R6X9qmr2RYT7ZYsSbJ4', null, null, '2026-02-28T13:41:37.000Z', false),
  ('DLMbSMhcpSpq6VnSbQhVRv4HZCFnztpsMQvN469VHuPq', '9okZ4N1XHQ8k1xQSPuUnTKzy7R6X9qmr2RYT7ZYsSbJ4', '9okZ4N1XHQ8k1xQSPuUnTKzy7R6X9qmr2RYT7ZYsSbJ4', null, null, '2026-02-28T13:02:56.000Z', false),
  ('DfHRdpjstfU76zC1ZUDcC1Cms1cvUCCN7ggXFzFVqT41', 'FrC1uyovAZ9rq6mX62vnkGTxC9tqoSzDAVkaucKLW9HW', 'FrC1uyovAZ9rq6mX62vnkGTxC9tqoSzDAVkaucKLW9HW', null, null, '2026-03-03T23:31:20.000Z', false),
  ('CBGgqdHLpqLCRXEZ37EJK84coX1JfeWZJKnfNpYEVxuh', '9okZ4N1XHQ8k1xQSPuUnTKzy7R6X9qmr2RYT7ZYsSbJ4', '9okZ4N1XHQ8k1xQSPuUnTKzy7R6X9qmr2RYT7ZYsSbJ4', null, null, '2026-02-28T13:06:59.000Z', false),
  ('bSCUt73DjdEzTrTTZRqjqZwv5bESczzLY3H42MGbuw9', '9okZ4N1XHQ8k1xQSPuUnTKzy7R6X9qmr2RYT7ZYsSbJ4', '9okZ4N1XHQ8k1xQSPuUnTKzy7R6X9qmr2RYT7ZYsSbJ4', null, null, '2026-02-28T13:10:13.000Z', false),
  ('BKTkPLZUp4boKekP6jXAMSJJB6gf24erdrTReZp25AGH', '4wYn9cQxzEySqcxzsurBKjywnCMNZZeFCjQwjDg4eMLX', '4wYn9cQxzEySqcxzsurBKjywnCMNZZeFCjQwjDg4eMLX', null, null, '2026-03-02T20:34:27.000Z', false),
  ('BEXCntAtihrU2Xt1notYEUkFtpsLPMi58J7sj1a5J9Ck', '9okZ4N1XHQ8k1xQSPuUnTKzy7R6X9qmr2RYT7ZYsSbJ4', '9okZ4N1XHQ8k1xQSPuUnTKzy7R6X9qmr2RYT7ZYsSbJ4', null, null, '2026-02-28T12:58:53.000Z', false),
  ('ATYJopYK4GVbqi7mTjjFQ8uYCdVNPnAw8utnGLYx8xWd', 'FiejqEgqQ8bxtUJpZMy5p1wVCcejKyy5PgZ4cwmLBvYD', 'FiejqEgqQ8bxtUJpZMy5p1wVCcejKyy5PgZ4cwmLBvYD', 'Marco 34', 'https://syraa.fun/images/logo.jpg', '2026-03-04T02:50:32.000Z', false),
  ('Apb3gVnA2v88XcjvzDNWDr5qeupfXnzA4pXMGEBK6ACb', '766nf4q5FqqnmfpKYGbFPGez2yTyREyD7mszXjE4u1H4', '766nf4q5FqqnmfpKYGbFPGez2yTyREyD7mszXjE4u1H4', 'Sapphire Zero', 'https://agentinc.fun/api/agents/image/4h21UVNhCf1WXA4YwcUMSps5Wi7rvG4tyMx2QCr4BAGS', '2026-03-03T20:42:13.000Z', false)
on conflict (agent_id) do update set owner=excluded.owner, payment_wallet=excluded.payment_wallet, name=excluded.name, image=excluded.image, first_seen=excluded.first_seen, synthetic=excluded.synthetic;

insert into scores (agent_id, score, band, status, limit_amount, limit_currency, limit_period, attested, factors, updated_at) values
  ('agent:sol:7xKq9b9c4Atlas', 849, 'excellent', 'good_standing', 9000000000, 'USDC', 'week', false, '[{"key":"on_time_rate","weight":0.3,"normalized":0.9916666666666667,"bootstrapped":false,"value":99,"contribution":253,"value_raw":0.9916666666666667},{"key":"volume","weight":0.25,"normalized":1,"bootstrapped":false,"value":100,"contribution":213,"value_raw":480000},{"key":"account_age","weight":0.15,"normalized":1,"bootstrapped":false,"value":100,"contribution":128,"value_raw":420},{"key":"counterparty_diversity","weight":0.15,"normalized":1,"bootstrapped":false,"value":100,"contribution":128,"value_raw":28},{"key":"defaults","weight":0.15,"normalized":1,"bootstrapped":false,"value":100,"contribution":128,"value_raw":0}]'::jsonb, '2026-06-24T12:11:37.178Z'),
  ('agent:sol:4kP2meridianFx', 822, 'excellent', 'good_standing', 3000000000, 'USDC', 'week', false, '[{"key":"on_time_rate","weight":0.3,"normalized":0.95,"bootstrapped":false,"value":95,"contribution":242,"value_raw":0.95},{"key":"volume","weight":0.25,"normalized":0.9908486063454908,"bootstrapped":false,"value":99,"contribution":211,"value_raw":90000},{"key":"account_age","weight":0.15,"normalized":0.821917808219178,"bootstrapped":false,"value":82,"contribution":105,"value_raw":300},{"key":"counterparty_diversity","weight":0.15,"normalized":0.95,"bootstrapped":false,"value":95,"contribution":121,"value_raw":19},{"key":"defaults","weight":0.15,"normalized":1,"bootstrapped":false,"value":100,"contribution":128,"value_raw":0}]'::jsonb, '2026-06-24T12:11:37.178Z'),
  ('agent:sol:9wRtbeaconAI', 748, 'very_good', 'good_standing', 900000000, 'USDC', 'week', false, '[{"key":"on_time_rate","weight":0.3,"normalized":0.9,"bootstrapped":false,"value":90,"contribution":230,"value_raw":0.9},{"key":"volume","weight":0.25,"normalized":0.8760451064683008,"bootstrapped":false,"value":88,"contribution":186,"value_raw":24000},{"key":"account_age","weight":0.15,"normalized":0.5753424657534246,"bootstrapped":false,"value":58,"contribution":73,"value_raw":210},{"key":"counterparty_diversity","weight":0.15,"normalized":0.6,"bootstrapped":false,"value":60,"contribution":77,"value_raw":12},{"key":"defaults","weight":0.15,"normalized":1,"bootstrapped":false,"value":100,"contribution":128,"value_raw":0}]'::jsonb, '2026-06-24T12:11:37.178Z'),
  ('agent:sol:2hJ5corvusOps', 681, 'good', 'good_standing', 300000000, 'USDC', 'week', false, '[{"key":"on_time_rate","weight":0.3,"normalized":0.7857142857142857,"bootstrapped":false,"value":79,"contribution":200,"value_raw":0.7857142857142857},{"key":"volume","weight":0.25,"normalized":0.755644069012402,"bootstrapped":false,"value":76,"contribution":161,"value_raw":6000},{"key":"account_age","weight":0.15,"normalized":0.3835616438356164,"bootstrapped":false,"value":38,"contribution":49,"value_raw":140},{"key":"counterparty_diversity","weight":0.15,"normalized":0.4,"bootstrapped":false,"value":40,"contribution":51,"value_raw":8},{"key":"defaults","weight":0.15,"normalized":1,"bootstrapped":false,"value":100,"contribution":128,"value_raw":0}]'::jsonb, '2026-06-24T12:11:37.178Z'),
  ('agent:sol:6yTnlumenBot', 615, 'fair', 'on_watch', 50000000, 'USDC', 'week', false, '[{"key":"on_time_rate","weight":0.3,"normalized":0.6666666666666666,"bootstrapped":false,"value":67,"contribution":170,"value_raw":0.6666666666666666},{"key":"volume","weight":0.25,"normalized":0.6159080665123067,"bootstrapped":false,"value":62,"contribution":131,"value_raw":1200},{"key":"account_age","weight":0.15,"normalized":0.2054794520547945,"bootstrapped":false,"value":21,"contribution":26,"value_raw":75},{"key":"counterparty_diversity","weight":0.15,"normalized":0.25,"bootstrapped":false,"value":25,"contribution":32,"value_raw":5},{"key":"defaults","weight":0.15,"normalized":1,"bootstrapped":false,"value":100,"contribution":128,"value_raw":0}]'::jsonb, '2026-06-24T12:11:37.178Z'),
  ('agent:sol:3zXqnovaSeed', 446, 'poor', 'on_watch', null, null, null, false, '[{"key":"on_time_rate","weight":0.3,"normalized":0.2898,"bootstrapped":true,"value":29,"contribution":74,"value_raw":0.41400000000000003},{"key":"volume","weight":0.25,"normalized":0.034999999999999996,"bootstrapped":true,"value":3,"contribution":7,"value_raw":0},{"key":"account_age","weight":0.15,"normalized":0.03287671232876712,"bootstrapped":false,"value":3,"contribution":4,"value_raw":12},{"key":"counterparty_diversity","weight":0.15,"normalized":0.1,"bootstrapped":false,"value":10,"contribution":13,"value_raw":2},{"key":"defaults","weight":0.15,"normalized":1,"bootstrapped":false,"value":100,"contribution":128,"value_raw":0}]'::jsonb, '2026-06-24T12:11:37.178Z'),
  ('agent:sol:8pLkharborDef', 612, 'fair', 'defaulted', null, null, null, false, '[{"key":"on_time_rate","weight":0.3,"normalized":0.6,"bootstrapped":false,"value":60,"contribution":153,"value_raw":0.6},{"key":"volume","weight":0.25,"normalized":0.7806281760402793,"bootstrapped":false,"value":78,"contribution":166,"value_raw":8000},{"key":"account_age","weight":0.15,"normalized":0.4931506849315068,"bootstrapped":false,"value":49,"contribution":63,"value_raw":180},{"key":"counterparty_diversity","weight":0.15,"normalized":0.45,"bootstrapped":false,"value":45,"contribution":57,"value_raw":9},{"key":"defaults","weight":0.15,"normalized":0.3333333333333333,"bootstrapped":false,"value":33,"contribution":43,"value_raw":2}]'::jsonb, '2026-06-24T12:11:37.178Z'),
  ('kvG3yqQiYJxcBgkAaUi4M5HN7rPYgV7MjK61GMNRUWJ', 476, 'poor', 'on_watch', null, null, null, false, '[{"key":"on_time_rate","weight":0.3,"normalized":0.30333333333333334,"bootstrapped":true,"value":30,"contribution":77,"value_raw":0.43333333333333335},{"key":"volume","weight":0.25,"normalized":0.063,"bootstrapped":true,"value":6,"contribution":13,"value_raw":0},{"key":"account_age","weight":0.15,"normalized":0.3178082191780822,"bootstrapped":false,"value":32,"contribution":41,"value_raw":116},{"key":"counterparty_diversity","weight":0.15,"normalized":0.1,"bootstrapped":false,"value":10,"contribution":13,"value_raw":2},{"key":"defaults","weight":0.15,"normalized":1,"bootstrapped":false,"value":100,"contribution":128,"value_raw":0}]'::jsonb, '2026-06-24T12:11:39.459Z'),
  ('J3wkN7BPuBNP3J1ZkNi2UMgqX34dSqw2dEtRU7Leh75c', 476, 'poor', 'on_watch', null, null, null, false, '[{"key":"on_time_rate","weight":0.3,"normalized":0.30333333333333334,"bootstrapped":true,"value":30,"contribution":77,"value_raw":0.43333333333333335},{"key":"volume","weight":0.25,"normalized":0.063,"bootstrapped":true,"value":6,"contribution":13,"value_raw":0},{"key":"account_age","weight":0.15,"normalized":0.3178082191780822,"bootstrapped":false,"value":32,"contribution":41,"value_raw":116},{"key":"counterparty_diversity","weight":0.15,"normalized":0.1,"bootstrapped":false,"value":10,"contribution":13,"value_raw":2},{"key":"defaults","weight":0.15,"normalized":1,"bootstrapped":false,"value":100,"contribution":128,"value_raw":0}]'::jsonb, '2026-06-24T12:11:40.585Z'),
  ('HVwXqj1RWjASuDUhmK8UDV67cPFRgYY7mHZm6j27Nrat', 476, 'poor', 'on_watch', null, null, null, false, '[{"key":"on_time_rate","weight":0.3,"normalized":0.30333333333333334,"bootstrapped":true,"value":30,"contribution":77,"value_raw":0.43333333333333335},{"key":"volume","weight":0.25,"normalized":0.063,"bootstrapped":true,"value":6,"contribution":13,"value_raw":0},{"key":"account_age","weight":0.15,"normalized":0.3178082191780822,"bootstrapped":false,"value":32,"contribution":41,"value_raw":116},{"key":"counterparty_diversity","weight":0.15,"normalized":0.1,"bootstrapped":false,"value":10,"contribution":13,"value_raw":2},{"key":"defaults","weight":0.15,"normalized":1,"bootstrapped":false,"value":100,"contribution":128,"value_raw":0}]'::jsonb, '2026-06-24T12:11:41.163Z'),
  ('GvkyAXchvwLnXyLpcdgD1QPqeYXjV8tQAWRGjueNjj2', 506, 'poor', 'on_watch', null, null, null, false, '[{"key":"on_time_rate","weight":0.3,"normalized":0.48999999999999994,"bootstrapped":true,"value":49,"contribution":125,"value_raw":0.7},{"key":"volume","weight":0.25,"normalized":0.063,"bootstrapped":true,"value":6,"contribution":13,"value_raw":0},{"key":"account_age","weight":0.15,"normalized":0.31232876712328766,"bootstrapped":false,"value":31,"contribution":40,"value_raw":114},{"key":"counterparty_diversity","weight":0.15,"normalized":0.1,"bootstrapped":false,"value":10,"contribution":13,"value_raw":2},{"key":"defaults","weight":0.15,"normalized":1,"bootstrapped":false,"value":100,"contribution":128,"value_raw":0}]'::jsonb, '2026-06-24T12:11:42.074Z'),
  ('G4scrVH1HUdNy8TUjD7CCbsz1zq7K8wiScjuqywRa5VA', 476, 'poor', 'on_watch', null, null, null, false, '[{"key":"on_time_rate","weight":0.3,"normalized":0.30333333333333334,"bootstrapped":true,"value":30,"contribution":77,"value_raw":0.43333333333333335},{"key":"volume","weight":0.25,"normalized":0.063,"bootstrapped":true,"value":6,"contribution":13,"value_raw":0},{"key":"account_age","weight":0.15,"normalized":0.3178082191780822,"bootstrapped":false,"value":32,"contribution":41,"value_raw":116},{"key":"counterparty_diversity","weight":0.15,"normalized":0.1,"bootstrapped":false,"value":10,"contribution":13,"value_raw":2},{"key":"defaults","weight":0.15,"normalized":1,"bootstrapped":false,"value":100,"contribution":128,"value_raw":0}]'::jsonb, '2026-06-24T12:11:42.625Z'),
  ('FhA8dovVERv699MPVps5xKTaq5ymXqH6RwhwU4rGaNG1', 502, 'poor', 'on_watch', null, null, null, false, '[{"key":"on_time_rate","weight":0.3,"normalized":0.48999999999999994,"bootstrapped":true,"value":49,"contribution":125,"value_raw":0.7},{"key":"volume","weight":0.25,"normalized":0.063,"bootstrapped":true,"value":6,"contribution":13,"value_raw":0},{"key":"account_age","weight":0.15,"normalized":0.3095890410958904,"bootstrapped":false,"value":31,"contribution":39,"value_raw":113},{"key":"counterparty_diversity","weight":0.15,"normalized":0.05,"bootstrapped":false,"value":5,"contribution":6,"value_raw":1},{"key":"defaults","weight":0.15,"normalized":1,"bootstrapped":false,"value":100,"contribution":128,"value_raw":0}]'::jsonb, '2026-06-24T12:11:43.252Z'),
  ('FAQXa8Sv7foH53gV78u1Rbs1fwaCKrg8oxesCEyeNbEh', 502, 'poor', 'on_watch', null, null, null, false, '[{"key":"on_time_rate","weight":0.3,"normalized":0.48999999999999994,"bootstrapped":true,"value":49,"contribution":125,"value_raw":0.7},{"key":"volume","weight":0.25,"normalized":0.063,"bootstrapped":true,"value":6,"contribution":13,"value_raw":0},{"key":"account_age","weight":0.15,"normalized":0.3095890410958904,"bootstrapped":false,"value":31,"contribution":39,"value_raw":113},{"key":"counterparty_diversity","weight":0.15,"normalized":0.05,"bootstrapped":false,"value":5,"contribution":6,"value_raw":1},{"key":"defaults","weight":0.15,"normalized":1,"bootstrapped":false,"value":100,"contribution":128,"value_raw":0}]'::jsonb, '2026-06-24T12:11:43.800Z'),
  ('F6pGaYK2ptbTFSG5SWsFvvXYdp3n3BZCGk9UZc6Yd9At', 502, 'poor', 'on_watch', null, null, null, false, '[{"key":"on_time_rate","weight":0.3,"normalized":0.48999999999999994,"bootstrapped":true,"value":49,"contribution":125,"value_raw":0.7},{"key":"volume","weight":0.25,"normalized":0.063,"bootstrapped":true,"value":6,"contribution":13,"value_raw":0},{"key":"account_age","weight":0.15,"normalized":0.3095890410958904,"bootstrapped":false,"value":31,"contribution":39,"value_raw":113},{"key":"counterparty_diversity","weight":0.15,"normalized":0.05,"bootstrapped":false,"value":5,"contribution":6,"value_raw":1},{"key":"defaults","weight":0.15,"normalized":1,"bootstrapped":false,"value":100,"contribution":128,"value_raw":0}]'::jsonb, '2026-06-24T12:11:44.346Z'),
  ('EPE9oVwQB1NUy2u64RXZfeScNAYS6q7yMhcHtSAuSk4Q', 506, 'poor', 'on_watch', null, null, null, false, '[{"key":"on_time_rate","weight":0.3,"normalized":0.48999999999999994,"bootstrapped":true,"value":49,"contribution":125,"value_raw":0.7},{"key":"volume","weight":0.25,"normalized":0.063,"bootstrapped":true,"value":6,"contribution":13,"value_raw":0},{"key":"account_age","weight":0.15,"normalized":0.3095890410958904,"bootstrapped":false,"value":31,"contribution":39,"value_raw":113},{"key":"counterparty_diversity","weight":0.15,"normalized":0.1,"bootstrapped":false,"value":10,"contribution":13,"value_raw":2},{"key":"defaults","weight":0.15,"normalized":1,"bootstrapped":false,"value":100,"contribution":128,"value_raw":0}]'::jsonb, '2026-06-24T12:11:44.890Z'),
  ('Edchnkds1pg9dotqZZr85VyfKBd2SUP8dHvUHoVWNGu6', 484, 'poor', 'on_watch', null, null, null, false, '[{"key":"on_time_rate","weight":0.3,"normalized":0.32666666666666666,"bootstrapped":true,"value":33,"contribution":83,"value_raw":0.4666666666666667},{"key":"volume","weight":0.25,"normalized":0.063,"bootstrapped":true,"value":6,"contribution":13,"value_raw":0},{"key":"account_age","weight":0.15,"normalized":0.3178082191780822,"bootstrapped":false,"value":32,"contribution":41,"value_raw":116},{"key":"counterparty_diversity","weight":0.15,"normalized":0.15,"bootstrapped":false,"value":15,"contribution":19,"value_raw":3},{"key":"defaults","weight":0.15,"normalized":1,"bootstrapped":false,"value":100,"contribution":128,"value_raw":0}]'::jsonb, '2026-06-24T12:11:45.438Z'),
  ('DYNK2iAXu7JQYJECkD5FtjTqAU4ymPWytu2ym85L2ZWh', 480, 'poor', 'on_watch', null, null, null, false, '[{"key":"on_time_rate","weight":0.3,"normalized":0.32666666666666666,"bootstrapped":true,"value":33,"contribution":83,"value_raw":0.4666666666666667},{"key":"volume","weight":0.25,"normalized":0.063,"bootstrapped":true,"value":6,"contribution":13,"value_raw":0},{"key":"account_age","weight":0.15,"normalized":0.3178082191780822,"bootstrapped":false,"value":32,"contribution":41,"value_raw":116},{"key":"counterparty_diversity","weight":0.15,"normalized":0.1,"bootstrapped":false,"value":10,"contribution":13,"value_raw":2},{"key":"defaults","weight":0.15,"normalized":1,"bootstrapped":false,"value":100,"contribution":128,"value_raw":0}]'::jsonb, '2026-06-24T12:11:46.325Z'),
  ('DpuAZqYX5YWMGc5eMxN5m1dgw7Mb3h2pSwhjn3JvtN5T', 484, 'poor', 'on_watch', null, null, null, false, '[{"key":"on_time_rate","weight":0.3,"normalized":0.32666666666666666,"bootstrapped":true,"value":33,"contribution":83,"value_raw":0.4666666666666667},{"key":"volume","weight":0.25,"normalized":0.063,"bootstrapped":true,"value":6,"contribution":13,"value_raw":0},{"key":"account_age","weight":0.15,"normalized":0.3178082191780822,"bootstrapped":false,"value":32,"contribution":41,"value_raw":116},{"key":"counterparty_diversity","weight":0.15,"normalized":0.15,"bootstrapped":false,"value":15,"contribution":19,"value_raw":3},{"key":"defaults","weight":0.15,"normalized":1,"bootstrapped":false,"value":100,"contribution":128,"value_raw":0}]'::jsonb, '2026-06-24T12:11:47.164Z'),
  ('DLMbSMhcpSpq6VnSbQhVRv4HZCFnztpsMQvN469VHuPq', 476, 'poor', 'on_watch', null, null, null, false, '[{"key":"on_time_rate","weight":0.3,"normalized":0.30333333333333334,"bootstrapped":true,"value":30,"contribution":77,"value_raw":0.43333333333333335},{"key":"volume","weight":0.25,"normalized":0.063,"bootstrapped":true,"value":6,"contribution":13,"value_raw":0},{"key":"account_age","weight":0.15,"normalized":0.3178082191780822,"bootstrapped":false,"value":32,"contribution":41,"value_raw":116},{"key":"counterparty_diversity","weight":0.15,"normalized":0.1,"bootstrapped":false,"value":10,"contribution":13,"value_raw":2},{"key":"defaults","weight":0.15,"normalized":1,"bootstrapped":false,"value":100,"contribution":128,"value_raw":0}]'::jsonb, '2026-06-24T12:11:47.711Z'),
  ('DfHRdpjstfU76zC1ZUDcC1Cms1cvUCCN7ggXFzFVqT41', 506, 'poor', 'on_watch', null, null, null, false, '[{"key":"on_time_rate","weight":0.3,"normalized":0.48999999999999994,"bootstrapped":true,"value":49,"contribution":125,"value_raw":0.7},{"key":"volume","weight":0.25,"normalized":0.063,"bootstrapped":true,"value":6,"contribution":13,"value_raw":0},{"key":"account_age","weight":0.15,"normalized":0.3095890410958904,"bootstrapped":false,"value":31,"contribution":39,"value_raw":113},{"key":"counterparty_diversity","weight":0.15,"normalized":0.1,"bootstrapped":false,"value":10,"contribution":13,"value_raw":2},{"key":"defaults","weight":0.15,"normalized":1,"bootstrapped":false,"value":100,"contribution":128,"value_raw":0}]'::jsonb, '2026-06-24T12:11:48.262Z'),
  ('CBGgqdHLpqLCRXEZ37EJK84coX1JfeWZJKnfNpYEVxuh', 476, 'poor', 'on_watch', null, null, null, false, '[{"key":"on_time_rate","weight":0.3,"normalized":0.30333333333333334,"bootstrapped":true,"value":30,"contribution":77,"value_raw":0.43333333333333335},{"key":"volume","weight":0.25,"normalized":0.063,"bootstrapped":true,"value":6,"contribution":13,"value_raw":0},{"key":"account_age","weight":0.15,"normalized":0.3178082191780822,"bootstrapped":false,"value":32,"contribution":41,"value_raw":116},{"key":"counterparty_diversity","weight":0.15,"normalized":0.1,"bootstrapped":false,"value":10,"contribution":13,"value_raw":2},{"key":"defaults","weight":0.15,"normalized":1,"bootstrapped":false,"value":100,"contribution":128,"value_raw":0}]'::jsonb, '2026-06-24T12:11:48.812Z'),
  ('bSCUt73DjdEzTrTTZRqjqZwv5bESczzLY3H42MGbuw9', 476, 'poor', 'on_watch', null, null, null, false, '[{"key":"on_time_rate","weight":0.3,"normalized":0.30333333333333334,"bootstrapped":true,"value":30,"contribution":77,"value_raw":0.43333333333333335},{"key":"volume","weight":0.25,"normalized":0.063,"bootstrapped":true,"value":6,"contribution":13,"value_raw":0},{"key":"account_age","weight":0.15,"normalized":0.3178082191780822,"bootstrapped":false,"value":32,"contribution":41,"value_raw":116},{"key":"counterparty_diversity","weight":0.15,"normalized":0.1,"bootstrapped":false,"value":10,"contribution":13,"value_raw":2},{"key":"defaults","weight":0.15,"normalized":1,"bootstrapped":false,"value":100,"contribution":128,"value_raw":0}]'::jsonb, '2026-06-24T12:11:49.804Z'),
  ('BKTkPLZUp4boKekP6jXAMSJJB6gf24erdrTReZp25AGH', 495, 'poor', 'on_watch', null, null, null, false, '[{"key":"on_time_rate","weight":0.3,"normalized":0.3966666666666666,"bootstrapped":true,"value":40,"contribution":101,"value_raw":0.5666666666666667},{"key":"volume","weight":0.25,"normalized":0.063,"bootstrapped":true,"value":6,"contribution":13,"value_raw":0},{"key":"account_age","weight":0.15,"normalized":0.31232876712328766,"bootstrapped":false,"value":31,"contribution":40,"value_raw":114},{"key":"counterparty_diversity","weight":0.15,"normalized":0.15,"bootstrapped":false,"value":15,"contribution":19,"value_raw":3},{"key":"defaults","weight":0.15,"normalized":1,"bootstrapped":false,"value":100,"contribution":128,"value_raw":0}]'::jsonb, '2026-06-24T12:11:51.356Z'),
  ('BEXCntAtihrU2Xt1notYEUkFtpsLPMi58J7sj1a5J9Ck', 476, 'poor', 'on_watch', null, null, null, false, '[{"key":"on_time_rate","weight":0.3,"normalized":0.30333333333333334,"bootstrapped":true,"value":30,"contribution":77,"value_raw":0.43333333333333335},{"key":"volume","weight":0.25,"normalized":0.063,"bootstrapped":true,"value":6,"contribution":13,"value_raw":0},{"key":"account_age","weight":0.15,"normalized":0.3178082191780822,"bootstrapped":false,"value":32,"contribution":41,"value_raw":116},{"key":"counterparty_diversity","weight":0.15,"normalized":0.1,"bootstrapped":false,"value":10,"contribution":13,"value_raw":2},{"key":"defaults","weight":0.15,"normalized":1,"bootstrapped":false,"value":100,"contribution":128,"value_raw":0}]'::jsonb, '2026-06-24T12:11:52.163Z'),
  ('ATYJopYK4GVbqi7mTjjFQ8uYCdVNPnAw8utnGLYx8xWd', 510, 'poor', 'on_watch', null, null, null, false, '[{"key":"on_time_rate","weight":0.3,"normalized":0.48999999999999994,"bootstrapped":true,"value":49,"contribution":125,"value_raw":0.7},{"key":"volume","weight":0.25,"normalized":0.063,"bootstrapped":true,"value":6,"contribution":13,"value_raw":0},{"key":"account_age","weight":0.15,"normalized":0.30684931506849317,"bootstrapped":false,"value":31,"contribution":39,"value_raw":112},{"key":"counterparty_diversity","weight":0.15,"normalized":0.15,"bootstrapped":false,"value":15,"contribution":19,"value_raw":3},{"key":"defaults","weight":0.15,"normalized":1,"bootstrapped":false,"value":100,"contribution":128,"value_raw":0}]'::jsonb, '2026-06-24T12:11:53.659Z'),
  ('Apb3gVnA2v88XcjvzDNWDr5qeupfXnzA4pXMGEBK6ACb', 502, 'poor', 'on_watch', null, null, null, false, '[{"key":"on_time_rate","weight":0.3,"normalized":0.48999999999999994,"bootstrapped":true,"value":49,"contribution":125,"value_raw":0.7},{"key":"volume","weight":0.25,"normalized":0.063,"bootstrapped":true,"value":6,"contribution":13,"value_raw":0},{"key":"account_age","weight":0.15,"normalized":0.3095890410958904,"bootstrapped":false,"value":31,"contribution":39,"value_raw":113},{"key":"counterparty_diversity","weight":0.15,"normalized":0.05,"bootstrapped":false,"value":5,"contribution":6,"value_raw":1},{"key":"defaults","weight":0.15,"normalized":1,"bootstrapped":false,"value":100,"contribution":128,"value_raw":0}]'::jsonb, '2026-06-24T12:11:55.149Z')
on conflict (agent_id) do update set score=excluded.score, band=excluded.band, status=excluded.status, limit_amount=excluded.limit_amount, limit_currency=excluded.limit_currency, limit_period=excluded.limit_period, attested=excluded.attested, factors=excluded.factors, updated_at=excluded.updated_at;

insert into settlements (id, agent_id, tab_id, counterparty, amount, currency, status, on_time, occurred_at) values
  ('stl_seed_7xKq9b9c4Atlas_0', 'agent:sol:7xKq9b9c4Atlas', 'tab_seed_0', 'cp_3AtLs', 5400000000, 'USDC', 'settled', true, '2026-06-23T12:11:37.178Z'),
  ('stl_seed_7xKq9b9c4Atlas_1', 'agent:sol:7xKq9b9c4Atlas', 'tab_seed_1', 'cp_4AtLs', 6300000000, 'USDC', 'late', false, '2026-06-16T12:11:37.178Z'),
  ('stl_seed_7xKq9b9c4Atlas_2', 'agent:sol:7xKq9b9c4Atlas', 'tab_seed_2', 'cp_5AtLs', 7200000000, 'USDC', 'settled', true, '2026-06-09T12:11:37.178Z'),
  ('stl_seed_7xKq9b9c4Atlas_3', 'agent:sol:7xKq9b9c4Atlas', 'tab_seed_3', 'cp_6AtLs', 8100000000, 'USDC', 'settled', true, '2026-06-02T12:11:37.178Z'),
  ('stl_seed_7xKq9b9c4Atlas_4', 'agent:sol:7xKq9b9c4Atlas', 'tab_seed_4', 'cp_7AtLs', 9000000000, 'USDC', 'settled', true, '2026-05-26T12:11:37.178Z'),
  ('stl_seed_7xKq9b9c4Atlas_5', 'agent:sol:7xKq9b9c4Atlas', 'tab_seed_5', 'cp_8AtLs', 9900000000, 'USDC', 'settled', true, '2026-05-19T12:11:37.178Z'),
  ('stl_seed_4kP2meridianFx_0', 'agent:sol:4kP2meridianFx', 'tab_seed_0', 'cp_3Mrd1', 1800000000, 'USDC', 'settled', true, '2026-06-23T12:11:37.178Z'),
  ('stl_seed_4kP2meridianFx_1', 'agent:sol:4kP2meridianFx', 'tab_seed_1', 'cp_4Mrd1', 2100000000, 'USDC', 'late', false, '2026-06-16T12:11:37.178Z'),
  ('stl_seed_4kP2meridianFx_2', 'agent:sol:4kP2meridianFx', 'tab_seed_2', 'cp_5Mrd1', 2400000000, 'USDC', 'settled', true, '2026-06-09T12:11:37.178Z'),
  ('stl_seed_4kP2meridianFx_3', 'agent:sol:4kP2meridianFx', 'tab_seed_3', 'cp_6Mrd1', 2700000000, 'USDC', 'settled', true, '2026-06-02T12:11:37.178Z'),
  ('stl_seed_4kP2meridianFx_4', 'agent:sol:4kP2meridianFx', 'tab_seed_4', 'cp_7Mrd1', 3000000000, 'USDC', 'settled', true, '2026-05-26T12:11:37.178Z'),
  ('stl_seed_9wRtbeaconAI_0', 'agent:sol:9wRtbeaconAI', 'tab_seed_0', 'cp_3Bcn1', 720000000, 'USDC', 'settled', true, '2026-06-23T12:11:37.178Z'),
  ('stl_seed_9wRtbeaconAI_1', 'agent:sol:9wRtbeaconAI', 'tab_seed_1', 'cp_4Bcn1', 840000000, 'USDC', 'late', false, '2026-06-16T12:11:37.178Z'),
  ('stl_seed_9wRtbeaconAI_2', 'agent:sol:9wRtbeaconAI', 'tab_seed_2', 'cp_5Bcn1', 960000000, 'USDC', 'settled', true, '2026-06-09T12:11:37.178Z'),
  ('stl_seed_9wRtbeaconAI_3', 'agent:sol:9wRtbeaconAI', 'tab_seed_3', 'cp_6Bcn1', 1080000000, 'USDC', 'settled', true, '2026-06-02T12:11:37.178Z'),
  ('stl_seed_2hJ5corvusOps_0', 'agent:sol:2hJ5corvusOps', 'tab_seed_0', 'cp_3Crv1', 360000000, 'USDC', 'settled', true, '2026-06-23T12:11:37.178Z'),
  ('stl_seed_2hJ5corvusOps_1', 'agent:sol:2hJ5corvusOps', 'tab_seed_1', 'cp_4Crv1', 420000000, 'USDC', 'late', false, '2026-06-16T12:11:37.178Z'),
  ('stl_seed_2hJ5corvusOps_2', 'agent:sol:2hJ5corvusOps', 'tab_seed_2', 'cp_5Crv1', 480000000, 'USDC', 'settled', true, '2026-06-09T12:11:37.178Z'),
  ('stl_seed_2hJ5corvusOps_3', 'agent:sol:2hJ5corvusOps', 'tab_seed_3', 'cp_6Crv1', 540000000, 'USDC', 'settled', true, '2026-06-02T12:11:37.178Z'),
  ('stl_seed_6yTnlumenBot_0', 'agent:sol:6yTnlumenBot', 'tab_seed_0', 'cp_3Lmn1', 120000000, 'USDC', 'settled', true, '2026-06-23T12:11:37.178Z'),
  ('stl_seed_6yTnlumenBot_1', 'agent:sol:6yTnlumenBot', 'tab_seed_1', 'cp_4Lmn1', 140000000, 'USDC', 'late', false, '2026-06-16T12:11:37.178Z'),
  ('stl_seed_6yTnlumenBot_2', 'agent:sol:6yTnlumenBot', 'tab_seed_2', 'cp_5Lmn1', 160000000, 'USDC', 'settled', true, '2026-06-09T12:11:37.178Z'),
  ('stl_seed_8pLkharborDef_0', 'agent:sol:8pLkharborDef', 'tab_seed_0', 'cp_3Hbr1', 300000000, 'USDC', 'defaulted', false, '2026-06-23T12:11:37.178Z'),
  ('stl_seed_8pLkharborDef_1', 'agent:sol:8pLkharborDef', 'tab_seed_1', 'cp_4Hbr1', 350000000, 'USDC', 'late', false, '2026-06-16T12:11:37.178Z'),
  ('stl_seed_8pLkharborDef_2', 'agent:sol:8pLkharborDef', 'tab_seed_2', 'cp_5Hbr1', 400000000, 'USDC', 'settled', true, '2026-06-09T12:11:37.178Z'),
  ('stl_seed_8pLkharborDef_3', 'agent:sol:8pLkharborDef', 'tab_seed_3', 'cp_6Hbr1', 450000000, 'USDC', 'settled', true, '2026-06-02T12:11:37.178Z'),
  ('stl_seed_8pLkharborDef_4', 'agent:sol:8pLkharborDef', 'tab_seed_4', 'cp_7Hbr1', 500000000, 'USDC', 'settled', true, '2026-05-26T12:11:37.178Z')
on conflict (id) do nothing;

commit;
